role;category;rank_in_role;symbol
DISCOVERY_PRIMARY;SHARE_US;1;#TEXTRON
DISCOVERY_PRIMARY;SHARE_US;2;#HOMEDEPOT
DISCOVERY_PRIMARY;SHARE_US;3;#AVERYDENNISON
DISCOVERY_PRIMARY;SHARE_US;4;#EVERGY
DISCOVERY_PRIMARY;SHARE_US;5;#TYSONFOODS
DISCOVERY_PRIMARY;SHARE_US;6;#TEVA
DISCOVERY_PRIMARY;SHARE_US;7;#PAPAJOHNS
DISCOVERY_PRIMARY;SHARE_US;8;#FASTENAL
DISCOVERY_RESERVE;SHARE_US;1;#MATTEL
DISCOVERY_RESERVE;SHARE_US;2;#FLOWSERVE
DISCOVERY_RESERVE;SHARE_US;3;#FIRSTENERGY
DISCOVERY_RESERVE;SHARE_US;4;#PFIZER
DISCOVERY_RESERVE;SHARE_US;5;#ALLEGION
DISCOVERY_RESERVE;SHARE_US;6;#GARTNER
DISCOVERY_RESERVE;SHARE_US;7;#AMDOCS
DISCOVERY_RESERVE;SHARE_US;8;#IPGPHOTONICS
VALIDATION_PRIMARY;SHARE_US;1;#BAIDU
VALIDATION_PRIMARY;SHARE_US;2;#JD.COM
VALIDATION_PRIMARY;SHARE_US;3;#WASTEMGMT
VALIDATION_PRIMARY;SHARE_US;4;#HARRISCORP
VALIDATION_PRIMARY;SHARE_US;5;#MICRONTECH
VALIDATION_RESERVE;SHARE_US;1;#VERTEX
VALIDATION_RESERVE;SHARE_US;2;#SIRONA
VALIDATION_RESERVE;SHARE_US;3;#NORTONLIFELOCK
VALIDATION_RESERVE;SHARE_US;4;#MONDELEZ
VALIDATION_RESERVE;SHARE_US;5;#WABTEC
DISCOVERY_PRIMARY;SHARE_EU;1;_ORANGE.FR
DISCOVERY_PRIMARY;SHARE_EU;2;#NUTRIEN.CA
DISCOVERY_PRIMARY;SHARE_EU;3;_POSTEITALIANE.IT
DISCOVERY_PRIMARY;SHARE_EU;4;_AC.FR
DISCOVERY_RESERVE;SHARE_EU;1;_SANOFI
DISCOVERY_RESERVE;SHARE_EU;2;#TDOMINION.CA
DISCOVERY_RESERVE;SHARE_EU;3;_PUMA.DE
DISCOVERY_RESERVE;SHARE_EU;4;_SNAM.IT
VALIDATION_PRIMARY;SHARE_EU;1;_ABNAMRO.AS
VALIDATION_PRIMARY;SHARE_EU;2;_BMW.DE
VALIDATION_RESERVE;SHARE_EU;1;_VK.FR
VALIDATION_RESERVE;SHARE_EU;2;#GREATWESTLIFECO.CA
DISCOVERY_PRIMARY;ETF;1;#TQQQ
DISCOVERY_PRIMARY;ETF;2;#XLF
DISCOVERY_PRIMARY;ETF;3;#IAU
DISCOVERY_PRIMARY;ETF;4;#EWT
DISCOVERY_RESERVE;ETF;1;#SPY
DISCOVERY_RESERVE;ETF;2;#EEM
DISCOVERY_RESERVE;ETF;3;#BAR
DISCOVERY_RESERVE;ETF;4;#IWM
VALIDATION_PRIMARY;ETF;1;#UVXY
VALIDATION_PRIMARY;ETF;2;#EFA
VALIDATION_RESERVE;ETF;1;#EWS
VALIDATION_RESERVE;ETF;2;#IEUR
DISCOVERY_PRIMARY;CRYPTO;1;BCHUSD
DISCOVERY_PRIMARY;CRYPTO;2;ETHBTC
DISCOVERY_PRIMARY;CRYPTO;3;UNIUSD
DISCOVERY_RESERVE;CRYPTO;1;CRYPTO10
DISCOVERY_RESERVE;CRYPTO;2;XLMUSD
DISCOVERY_RESERVE;CRYPTO;3;MATICUSD
VALIDATION_PRIMARY;CRYPTO;1;BTCEUR
VALIDATION_PRIMARY;CRYPTO;2;BTCUSD
VALIDATION_RESERVE;CRYPTO;1;ETHUSD
VALIDATION_RESERVE;CRYPTO;2;BTGUSD
DISCOVERY_PRIMARY;COMMODITY;1;PALLADIUM
DISCOVERY_PRIMARY;COMMODITY;2;WTICrude
DISCOVERY_PRIMARY;COMMODITY;3;HEATING_OIL
DISCOVERY_PRIMARY;COMMODITY;4;COCOA
DISCOVERY_RESERVE;COMMODITY;1;SUGAR#11
DISCOVERY_RESERVE;COMMODITY;2;GASOLINE
DISCOVERY_RESERVE;COMMODITY;3;COFFEE_C
DISCOVERY_RESERVE;COMMODITY;4;SOYBEAN
VALIDATION_PRIMARY;COMMODITY;1;WHEAT
VALIDATION_PRIMARY;COMMODITY;2;COPPER
VALIDATION_RESERVE;COMMODITY;1;COTTON#2
VALIDATION_RESERVE;COMMODITY;2;CrudeOIL
DISCOVERY_PRIMARY;INDEX_NEW;1;GAMING_ESPORTS
DISCOVERY_PRIMARY;INDEX_NEW;2;ALUMINIUM_SPOT
DISCOVERY_PRIMARY;INDEX_NEW;3;COVID_VACCINE
DISCOVERY_RESERVE;INDEX_NEW;1;NFT_GIANTS
DISCOVERY_RESERVE;INDEX_NEW;2;CANADA_60
DISCOVERY_RESERVE;INDEX_NEW;3;NED_25
VALIDATION_PRIMARY;INDEX_NEW;1;VIX
VALIDATION_PRIMARY;INDEX_NEW;2;HK_50
VALIDATION_RESERVE;INDEX_NEW;1;RACING_INDEX
VALIDATION_RESERVE;INDEX_NEW;2;TAIWAN_INDX
DISCOVERY_PRIMARY;FX_NEW;1;EURNZD
DISCOVERY_PRIMARY;FX_NEW;2;USDTRY
DISCOVERY_PRIMARY;FX_NEW;3;GBPSGD
DISCOVERY_RESERVE;FX_NEW;1;GBPHUF
DISCOVERY_RESERVE;FX_NEW;2;CLPNDF2
DISCOVERY_RESERVE;FX_NEW;3;EURNOK
VALIDATION_PRIMARY;FX_NEW;1;USDSEK
VALIDATION_PRIMARY;FX_NEW;2;GBPNZD
VALIDATION_RESERVE;FX_NEW;1;NZDCAD
VALIDATION_RESERVE;FX_NEW;2;AUDNZD
DISCOVERY_PRIMARY;BOND;1;EURO-BUND
VALIDATION_PRIMARY;BOND;1;JAPAN_BOND
